Total population,,,,,,,,,,,,,,,,,,,,,,,,,,,,,,,,,,,,,,,,,,,,,,,,,,,,,,,,,,,,,,,,,,,,,,,,,,,,,,,,,,,,,,,,,,,,,,,,,,,,,,,
Brazil,0.219549077,0.219549077,0.219549077,0.219549077,0.219549077,0.219549077,0.235494039,0.235494039,0.235494039,0.235494039,0.235494039,0.235494039,0.235494039,0.235494039,0.235494039,0.235494039,0.251986681,0.251986681,0.251986681,0.251986681,0.251986681,0.251986681,0.251986681,0.251986681,0.251986681,0.251986681,0.251986681,0.269689923,0.269689923,0.269689923,0.269689923,0.269689923,0.269689923,0.269689923,0.269689923,0.269689923,0.269689923,0.294275991,0.297210425,0.300207551,0.303230343,0.306256173,0.309275511,0.312291392,0.315317565,0.318375518,0.321490516,0.324681747,0.327952966,0.331285516,0.334637022,0.337953638,0.341199524,0.344367106,0.347469338,0.35051796,0.353531338,0.356523884,0.35949508,0.362444848,0.365387694,0.368340839,0.371315332,0.374310067,0.377319134,0.380341112,0.383373224,0.386409759,0.389450555,0.392485172,0.395485856,0.398418518,0.401259435,0.404005089,0.406661234,0.409226888,0.411703543,0.414095674,0.416399115,0.418622079,0.420795956,0.422960866,0.425144119,0.427351332,0.429572295,0.431797512,0.434011673,0.436200815,0.438367858,0.440508203,0.44259224,0.444583015,0.44645654,0.44820178,0.44983033,0.451369085,0.45285631,0.454319578,0.455766257,0.457189222,0.458583772,0.459940677,0.461253459
Canada,0.150230123,0.150230123,0.150230123,0.150230123,0.150230123,0.150230123,0.160544534,0.160544534,0.160544534,0.160544534,0.160544534,0.160544534,0.160544534,0.160544534,0.160544534,0.160544534,0.170246057,0.170246057,0.170246057,0.170246057,0.170246057,0.170246057,0.170246057,0.170246057,0.170246057,0.170246057,0.170246057,0.176552363,0.176552363,0.176552363,0.176552363,0.176552363,0.176552363,0.176552363,0.176552363,0.176552363,0.176552363,0.186489886,0.188118276,0.189799837,0.191533878,0.193312361,0.195120585,0.19693733,0.198735997,0.20048663,0.202158602,0.203727819,0.205183664,0.206534503,0.207809244,0.209048366,0.210280627,0.211510137,0.212728894,0.213937788,0.21513525,0.216318771,0.217493361,0.218657117,0.219792608,0.220877079,0.221896069,0.222848738,0.223744708,0.224593898,0.225410386,0.226207309,0.226981988,0.227740004,0.228511631,0.229334726,0.230233208,0.231218182,0.232274995,0.233369726,0.234455501,0.235498517,0.236492252,0.237444433,0.238353964,0.239223123,0.240055306,0.240848711,0.24160637,0.242343005,0.243077883,0.243825868,0.244589693,0.245369133,0.246171686,0.247005076,0.24787326,0.248779537,0.249718979,0.250676809,0.251633146,0.252573168,0.253491838,0.254390558,0.255269,0.256128772,0.256970781
Dominican Republic,0.069290397,0.069290397,0.069290397,0.069290397,0.069290397,0.069290397,0.075359308,0.075359308,0.075359308,0.075359308,0.075359308,0.075359308,0.075359308,0.075359308,0.075359308,0.075359308,0.084748191,0.084748191,0.084748191,0.084748191,0.084748191,0.084748191,0.084748191,0.084748191,0.084748191,0.084748191,0.084748191,0.093263011,0.093263011,0.093263011,0.093263011,0.093263011,0.093263011,0.093263011,0.093263011,0.093263011,0.093263011,0.103740174,0.104807825,0.105925517,0.107084609,0.108277657,0.109498284,0.110741228,0.112002152,0.113277538,0.114564477,0.115860196,0.117161684,0.118465358,0.119767017,0.121062269,0.122347796,0.123621641,0.124882932,0.126131011,0.127365647,0.128586585,0.129793568,0.130986043,0.132163328,0.133324715,0.134469948,0.135598823,0.136712131,0.137811847,0.138900462,0.139979754,0.141050399,0.142112086,0.143164408,0.144206584,0.145238164,0.146258251,0.14726715,0.148266792,0.149259739,0.150247178,0.151230545,0.152207761,0.153172474,0.154116421,0.155034402,0.155924331,0.156789275,0.15763554,0.158471812,0.159304101,0.160133902,0.16095917,0.161777949,0.162587124,0.163384374,0.164169246,0.16494226,0.165703235,0.166452121,0.167188698,0.167912763,0.168623657,0.169320242,0.170001138,0.170665348
Haiti,0.095194315,0.095194315,0.095194315,0.095194315,0.095194315,0.095194315,0.100422715,0.100422715,0.100422715,0.100422715,0.100422715,0.100422715,0.100422715,0.100422715,0.100422715,0.100422715,0.104948846,0.104948846,0.104948846,0.104948846,0.104948846,0.104948846,0.104948846,0.104948846,0.104948846,0.104948846,0.104948846,0.109505621,0.109505621,0.109505621,0.109505621,0.109505621,0.109505621,0.109505621,0.109505621,0.109505621,0.109505621,0.115000759,0.115640878,0.116298697,0.116975054,0.117670327,0.118384515,0.119117203,0.119867632,0.120634708,0.121417063,0.122213155,0.123021287,0.123839775,0.124666857,0.125500777,0.126339469,0.127185192,0.128036137,0.128882107,0.129710323,0.130513814,0.131290076,0.132047185,0.132801921,0.133576371,0.134386541,0.135234199,0.136116321,0.137037089,0.13800007,0.139005628,0.14005523,0.141142686,0.142251237,0.143359739,0.144453062,0.145526239,0.146581415,0.147619859,0.14864517,0.149659867,0.150662554,0.151651556,0.152628811,0.153596905,0.154557473,0.155511759,0.156458745,0.157395191,0.158316744,0.159220827,0.160105892,0.160974069,0.161830825,0.162683426,0.163536599,0.164391695,0.165246108,0.16609573,0.166934776,0.16775899,0.16856748,0.169360964,0.170138834,0.170900814,0.171646753
United States,0.35349789,0.35349789,0.35349789,0.35349789,0.35349789,0.35349789,0.371327157,0.371327157,0.371327157,0.371327157,0.371327157,0.371327157,0.371327157,0.371327157,0.371327157,0.371327157,0.389396822,0.389396822,0.389396822,0.389396822,0.389396822,0.389396822,0.389396822,0.389396822,0.389396822,0.389396822,0.389396822,0.398818251,0.398818251,0.398818251,0.398818251,0.398818251,0.398818251,0.398818251,0.398818251,0.398818251,0.398818251,0.420796685,0.42262652,0.424730428,0.427039634,0.429492291,0.432033643,0.434615951,0.437198271,0.439746141,0.442231215,0.444630913,0.446928079,0.44911066,0.451171409,0.453107584,0.454920628,0.456607126,0.458174577,0.459650136,0.46106977,0.462462174,0.463835714,0.465193529,0.466551983,0.467928147,0.469333943,0.470779593,0.472264478,0.473775761,0.47529388,0.476805446,0.478308157,0.479808674,0.481313449,0.482831945,0.484371186,0.485936116,0.487526083,0.489136271,0.490759321,0.492392104,0.494022084,0.495655278,0.497327523,0.499086354,0.500958519,0.502962099,0.505068291,0.507200862,0.509258294,0.511171719,0.512912753,0.514507833,0.516010341,0.517498724,0.51902729,0.520612027,0.522230198,0.52385088,0.525428322,0.526931395,0.528352654,0.529707363,0.531014637,0.532302321,0.533590594
Denmark,0.110793152,0.110793152,0.110793152,0.110793152,0.110793152,0.110793152,0.115253935,0.115253935,0.115253935,0.115253935,0.115253935,0.115253935,0.115253935,0.115253935,0.115253935,0.115253935,0.118703574,0.118703574,0.118703574,0.118703574,0.118703574,0.118703574,0.118703574,0.118703574,0.118703574,0.118703574,0.118703574,0.12186125,0.12186125,0.12186125,0.12186125,0.12186125,0.12186125,0.12186125,0.12186125,0.12186125,0.12186125,0.126311233,0.126705111,0.12706576,0.127395569,0.127698312,0.127979114,0.128244586,0.128502693,0.128762282,0.129032541,0.129320949,0.129631326,0.129962115,0.130305745,0.130650938,0.130989042,0.131317461,0.13163689,0.131945881,0.132243587,0.132528857,0.132800323,0.13305568,0.133291904,0.133505522,0.133693941,0.133858155,0.13399849,0.134111289,0.134191996,0.134238912,0.134250894,0.134233454,0.13419987,0.134167896,0.134151283,0.134154422,0.134177015,0.134222107,0.134291617,0.134386323,0.134508015,0.134655688,0.134823232,0.135002131,0.135185474,0.135372959,0.1355642,0.135752315,0.135929119,0.136089686,0.136229084,0.136350703,0.136468225,0.136600704,0.136761163,0.136954456,0.137174711,0.137411117,0.137647866,0.137873464,0.138085237,0.138286297,0.138477961,0.138663244,0.138844571
Germany,0.311575277,0.311575277,0.311575277,0.311575277,0.311575277,0.311575277,0.308650969,0.308650969,0.308650969,0.308650969,0.308650969,0.308650969,0.308650969,0.308650969,0.308650969,0.308650969,0.315379593,0.315379593,0.315379593,0.315379593,0.315379593,0.315379593,0.315379593,0.315379593,0.315379593,0.315379593,0.315379593,0.322805481,0.322805481,0.322805481,0.322805481,0.322805481,0.322805481,0.322805481,0.322805481,0.322805481,0.322805481,0.320588515,0.321086062,0.321558278,0.322013126,0.322460197,0.322910687,0.32337765,0.32387569,0.324420145,0.325025762,0.325702796,0.32645298,0.327266134,0.328118967,0.328979724,0.329820946,0.330639629,0.331427889,0.332148611,0.332757021,0.333223043,0.333531989,0.333695065,0.333741388,0.333714602,0.333648732,0.333559849,0.333447009,0.333308219,0.333135727,0.332929278,0.332688922,0.332435597,0.332214863,0.332085512,0.332090125,0.332235433,0.33250968,0.332911402,0.333432943,0.334059502,0.334798968,0.335628395,0.336464668,0.33720095,0.337762127,0.338117495,0.338286817,0.338309305,0.338248305,0.338152118,0.33803304,0.337882006,0.337702219,0.337492754,0.337256326,0.336991981,0.336712656,0.336450636,0.336247221,0.336129727,0.336114902,0.336189119,0.336311485,0.336423322,0.336482108
Hungary,0.153350699,0.153350699,0.153350699,0.153350699,0.153350699,0.153350699,0.155449814,0.155449814,0.155449814,0.155449814,0.155449814,0.155449814,0.155449814,0.155449814,0.155449814,0.155449814,0.159753867,0.159753867,0.159753867,0.159753867,0.159753867,0.159753867,0.159753867,0.159753867,0.159753867,0.159753867,0.159753867,0.163566493,0.163566493,0.163566493,0.163566493,0.163566493,0.163566493,0.163566493,0.163566493,0.163566493,0.163566493,0.163972749,0.164790408,0.165466334,0.166015734,0.166454461,0.166799227,0.167067918,0.167279596,0.167454093,0.167611221,0.167768234,0.167937074,0.168121976,0.168318477,0.168516498,0.168709052,0.16889741,0.169086735,0.169278082,0.16947273,0.169671638,0.169869044,0.170063609,0.170265163,0.170487127,0.170735308,0.171019062,0.171325156,0.171609994,0.17181553,0.171902535,0.17185591,0.171693118,0.171448325,0.17117266,0.170905911,0.170655459,0.170416285,0.170201182,0.170022433,0.169887346,0.169806397,0.169776033,0.169771316,0.169756773,0.169706842,0.169613248,0.169483776,0.169328635,0.169164756,0.169005133,0.168849966,0.168695941,0.168548542,0.168414047,0.168296059,0.168198746,0.16811903,0.168044165,0.167956352,0.16784292,0.167698735,0.16752781,0.167337906,0.167141147,0.166946465
Poland,0.232133258,0.232133258,0.232133258,0.232133258,0.232133258,0.232133258,0.225126338,0.225126338,0.225126338,0.225126338,0.225126338,0.225126338,0.225126338,0.225126338,0.225126338,0.225126338,0.236929914,0.236929914,0.236929914,0.236929914,0.236929914,0.236929914,0.236929914,0.236929914,0.236929914,0.236929914,0.236929914,0.24206376,0.24206376,0.24206376,0.24206376,0.24206376,0.24206376,0.24206376,0.24206376,0.24206376,0.24206376,0.227151362,0.228485627,0.229906387,0.231380969,0.232880299,0.234378826,0.23585428,0.237287523,0.238662456,0.239965997,0.241188483,0.242324114,0.243371311,0.244332745,0.245214483,0.246023832,0.246761232,0.247433641,0.248063303,0.248678384,0.249300534,0.249937654,0.250590265,0.251262883,0.251957927,0.252676591,0.253415822,0.254174326,0.254955434,0.255763199,0.256595879,0.257459113,0.258339014,0.259191431,0.259959394,0.260604226,0.261108054,0.261485024,0.261768298,0.26200724,0.26223732,0.262471211,0.262697813,0.262900775,0.263054301,0.263141847,0.263159949,0.263121955,0.263048438,0.262967856,0.262901716,0.26285671,0.262830011,0.262821818,0.262829321,0.26284981,0.262884541,0.262933706,0.262991507,0.263050057,0.263102798,0.263147204,0.263181902,0.263202832,0.26320573,0.263187146
Romania,0.177669102,0.177669102,0.177669102,0.177669102,0.177669102,0.177669102,0.179847517,0.179847517,0.179847517,0.179847517,0.179847517,0.179847517,0.179847517,0.179847517,0.179847517,0.179847517,0.187960021,0.187960021,0.187960021,0.187960021,0.187960021,0.187960021,0.187960021,0.187960021,0.187960021,0.187960021,0.187960021,0.19504593,0.19504593,0.19504593,0.19504593,0.19504593,0.19504593,0.19504593,0.19504593,0.19504593,0.19504593,0.19717581,0.19828832,0.199292908,0.200242565,0.20117271,0.202102124,0.203032876,0.203951918,0.204834296,0.205647748,0.206365282,0.206977921,0.207505453,0.208000649,0.208534828,0.209157098,0.209884109,0.210696535,0.211562813,0.212436172,0.213282403,0.214091839,0.21487173,0.215625032,0.216359311,0.217078156,0.217783127,0.218465815,0.219108755,0.21968955,0.220193905,0.220608011,0.220938851,0.221217609,0.221488045,0.221777831,0.222102547,0.22244269,0.222748732,0.222952072,0.223005247,0.22289374,0.222636891,0.222263278,0.22181713,0.221333738,0.22081659,0.220262857,0.219694807,0.219138543,0.218611487,0.21813321,0.217698281,0.217267972,0.216785657,0.216212503,0.215531513,0.214762192,0.213946859,0.213148243,0.212413317,0.211758418,0.211171689,0.210638165,0.210131091,0.209630078
United Kingdom,0.270250882,0.270250882,0.270250882,0.270250882,0.270250882,0.270250882,0.274537095,0.274537095,0.274537095,0.274537095,0.274537095,0.274537095,0.274537095,0.274537095,0.274537095,0.274537095,0.278919123,0.278919123,0.278919123,0.278919123,0.278919123,0.278919123,0.278919123,0.278919123,0.278919123,0.278919123,0.278919123,0.283453397,0.283453397,0.283453397,0.283453397,0.283453397,0.283453397,0.283453397,0.283453397,0.283453397,0.283453397,0.288040787,0.288049373,0.288168931,0.288375503,0.288650705,0.288981796,0.289362003,0.289790153,0.290269627,0.290806639,0.291405294,0.292062433,0.292763279,0.293479821,0.2941766,0.294826754,0.295419901,0.295956446,0.296434345,0.296855261,0.297220865,0.297530394,0.297782928,0.297980997,0.298128462,0.298230278,0.298288692,0.298309917,0.298308202,0.298301331,0.298303849,0.298320663,0.298354443,0.298414252,0.29850946,0.298646009,0.298829849,0.299058664,0.299319452,0.299593513,0.299867246,0.300137383,0.300407708,0.300680387,0.300959866,0.30124997,0.30155407,0.301873109,0.302206287,0.302551927,0.302911196,0.303276471,0.303654178,0.304075501,0.304581558,0.305197463,0.305937142,0.306780542,0.307677246,0.308558413,0.309375352,0.310110686,0.310778282,0.311399322,0.312007882,0.312628196
Brunei,0.021544347,0.021544347,0.021544347,0.021544347,0.021544347,0.021544347,0.022908388,0.022908388,0.022908388,0.022908388,0.022908388,0.022908388,0.022908388,0.022908388,0.022908388,0.022908388,0.024046841,0.024046841,0.024046841,0.024046841,0.024046841,0.024046841,0.024046841,0.024046841,0.024046841,0.024046841,0.024046841,0.025619642,0.025619642,0.025619642,0.025619642,0.025619642,0.025619642,0.025619642,0.025619642,0.025619642,0.025619642,0.02829924,0.02887126,0.029419832,0.029960077,0.030501824,0.031049651,0.031604188,0.032162453,0.032719339,0.033268698,0.033805447,0.034329146,0.034844336,0.035361223,0.035892279,0.036444719,0.037019182,0.037610314,0.038212118,0.038816756,0.039418828,0.040016125,0.040608802,0.041194962,0.04177365,0.042343407,0.04290507,0.043457319,0.043994901,0.044511557,0.045004216,0.045471709,0.04591829,0.046352467,0.046784988,0.047223493,0.047668759,0.04811898,0.048574808,0.049036511,0.049503362,0.049975752,0.050451621,0.050924992,0.051388411,0.05183665,0.052268744,0.05268576,0.053086785,0.053471495,0.053840054,0.054191741,0.054527754,0.054852617,0.055172073,0.055490224,0.055808406,0.056125399,0.05643974,0.056749006,0.057051456,0.057346857,0.057635834,0.057918096,0.058193358,0.058461389
China,0.582136489,0.582136489,0.582136489,0.582136489,0.582136489,0.582136489,0.602291884,0.602291884,0.602291884,0.602291884,0.602291884,0.602291884,0.602291884,0.602291884,0.602291884,0.602291884,0.610201607,0.610201607,0.610201607,0.610201607,0.610201607,0.610201607,0.610201607,0.610201607,0.610201607,0.610201607,0.610201607,0.622072964,0.622072964,0.622072964,0.622072964,0.622072964,0.622072964,0.622072964,0.622072964,0.622072964,0.622072964,0.635703147,0.641380013,0.645917598,0.64971335,0.653077181,0.656242001,0.659367483,0.662546577,0.665815748,0.6691693,0.672596283,0.676117576,0.679816084,0.683846628,0.688393022,0.693554676,0.699362196,0.705700004,0.712338542,0.718982135,0.725415127,0.731600065,0.737555792,0.743207959,0.748486511,0.753356188,0.757796666,0.761849234,0.765622002,0.769260903,0.772882667,0.776479713,0.780058829,0.783757912,0.787742145,0.792104022,0.796894182,0.802018906,0.807248906,0.812281,0.816900678,0.821059014,0.824805752,0.828154131,0.831145744,0.833819585,0.836165714,0.838192133,0.839981151,0.841639882,0.843250013,0.84484372,0.846419781,0.847984391,0.84953278,0.85106252,0.852580859,0.854099002,0.855620608,0.857147743,0.858679113,0.860214414,0.86174568,0.863253538,0.864712811,0.866102532
India,0.4929843,0.4929843,0.4929843,0.4929843,0.4929843,0.4929843,0.501909788,0.501909788,0.501909788,0.501909788,0.501909788,0.501909788,0.501909788,0.501909788,0.501909788,0.501909788,0.51271804,0.51271804,0.51271804,0.51271804,0.51271804,0.51271804,0.51271804,0.51271804,0.51271804,0.51271804,0.51271804,0.535023203,0.535023203,0.535023203,0.535023203,0.535023203,0.535023203,0.535023203,0.535023203,0.535023203,0.535023203,0.562184823,0.565110443,0.568190839,0.571400789,0.574721045,0.578138101,0.581644135,0.585236498,0.588916786,0.592689539,0.596558956,0.600525655,0.604584089,0.608721779,0.612923113,0.617179203,0.621480286,0.625833778,0.630267614,0.634818631,0.639508665,0.644344687,0.649308233,0.654364686,0.659468462,0.664587984,0.66970775,0.674835291,0.679989605,0.685198787,0.690478219,0.695827837,0.701227815,0.706649695,0.712057309,0.717424203,0.722742488,0.728014192,0.733236146,0.738407742,0.743528918,0.748593557,0.753600388,0.758559825,0.763486109,0.768387533,0.773265294,0.778111231,0.782912657,0.787652874,0.792319346,0.79690737,0.801417203,0.805847532,0.810198395,0.814469153,0.818661547,0.822773151,0.826795067,0.830716111,0.834530493,0.838233991,0.841834461,0.845352778,0.848816588,0.852245057
Iran,0.171055005,0.171055005,0.171055005,0.171055005,0.171055005,0.171055005,0.177069977,0.177069977,0.177069977,0.177069977,0.177069977,0.177069977,0.177069977,0.177069977,0.177069977,0.177069977,0.184561135,0.184561135,0.184561135,0.184561135,0.184561135,0.184561135,0.184561135,0.184561135,0.184561135,0.184561135,0.184561135,0.19236922,0.19236922,0.19236922,0.19236922,0.19236922,0.19236922,0.19236922,0.19236922,0.19236922,0.19236922,0.200687213,0.202227915,0.203819253,0.205456097,0.207133936,0.208848851,0.210597492,0.212377041,0.214185186,0.216020116,0.217880497,0.219765486,0.221674716,0.223608287,0.225566656,0.227550545,0.229567636,0.231620119,0.233698431,0.235789876,0.237890693,0.240005186,0.242151781,0.244358552,0.246659746,0.249082073,0.25161493,0.25425936,0.257060511,0.260071693,0.263315293,0.266767375,0.270374645,0.27408697,0.277844924,0.281589775,0.285340088,0.289054166,0.29255988,0.295651682,0.298211292,0.300178328,0.301641924,0.302816578,0.303995261,0.30538088,0.307039206,0.308896782,0.310847192,0.312732108,0.314444071,0.315968969,0.317356306,0.318640896,0.319875967,0.321102005,0.322320095,0.323524004,0.324737137,0.325986383,0.327287996,0.328650106,0.330061278,0.331493166,0.332906725,0.334272368
North Korea,0.135707944,0.135707944,0.135707944,0.135707944,0.135707944,0.135707944,0.142415798,0.142415798,0.142415798,0.142415798,0.142415798,0.142415798,0.142415798,0.142415798,0.142415798,0.142415798,0.151512649,0.151512649,0.151512649,0.151512649,0.151512649,0.151512649,0.151512649,0.151512649,0.151512649,0.151512649,0.151512649,0.161190566,0.161190566,0.161190566,0.161190566,0.161190566,0.161190566,0.161190566,0.161190566,0.161190566,0.161190566,0.170779163,0.169139377,0.16803484,0.167521697,0.167606857,0.168246196,0.169345094,0.170767939,0.172353816,0.173934879,0.17537446,0.176601188,0.177635282,0.178596426,0.179660529,0.180943933,0.182455816,0.184128844,0.185907088,0.187713481,0.189488719,0.19123445,0.192950098,0.194578146,0.196051482,0.197331326,0.198393764,0.199268757,0.200037847,0.200812406,0.201670642,0.202637918,0.203689908,0.204793994,0.205899189,0.206970559,0.207997426,0.208995068,0.209984703,0.210996621,0.212048239,0.213148053,0.214277841,0.215396769,0.216451015,0.217404598,0.21824326,0.21898195,0.21964996,0.220289937,0.220931732,0.221585051,0.222238967,0.222877995,0.22347873,0.224025792,0.224515711,0.224958339,0.225367741,0.225763599,0.226160297,0.22656221,0.226966188,0.227369823,0.227768132,0.228157428
South Korea,0.168838655,0.168838655,0.168838655,0.168838655,0.168838655,0.168838655,0.177475454,0.177475454,0.177475454,0.177475454,0.177475454,0.177475454,0.177475454,0.177475454,0.177475454,0.177475454,0.187358626,0.187358626,0.187358626,0.187358626,0.187358626,0.187358626,0.187358626,0.187358626,0.187358626,0.187358626,0.187358626,0.194916664,0.194916664,0.194916664,0.194916664,0.194916664,0.194916664,0.194916664,0.194916664,0.194916664,0.194916664,0.208550346,0.208887592,0.209828782,0.211292021,0.213184049,0.215404846,0.217850675,0.220417921,0.223007355,0.225528622,0.227911401,0.230115482,0.232138179,0.23401536,0.235805826,0.237552912,0.239251608,0.240891248,0.24250095,0.244115714,0.245756886,0.247441026,0.249155341,0.250857035,0.252488379,0.254012871,0.255414133,0.256713806,0.257959063,0.259214642,0.260523047,0.261895867,0.263310167,0.264731316,0.266110765,0.267413426,0.268634923,0.269783465,0.270853196,0.271839975,0.27274328,0.273558461,0.27429142,0.274965535,0.275612031,0.276253767,0.276900517,0.277548838,0.278192186,0.27881862,0.279420536,0.279995961,0.28055144,0.281097591,0.281648634,0.282213745,0.282797013,0.283392855,0.283988858,0.284567627,0.285116584,0.285631892,0.286116719,0.286574129,0.287009718,0.287427594
Russia,0.322503356,0.322503356,0.322503356,0.322503356,0.322503356,0.322503356,0.332520507,0.332520507,0.332520507,0.332520507,0.332520507,0.332520507,0.332520507,0.332520507,0.332520507,0.332520507,0.342866992,0.342866992,0.342866992,0.342866992,0.342866992,0.342866992,0.342866992,0.342866992,0.342866992,0.342866992,0.342866992,0.353535412,0.353535412,0.353535412,0.353535412,0.353535412,0.353535412,0.353535412,0.353535412,0.353535412,0.353535412,0.364771161,0.366545819,0.368483657,0.370512574,0.372574199,0.374623382,0.376627942,0.378567567,0.380432072,0.382219029,0.383928002,0.385554736,0.387086354,0.38849955,0.389766795,0.390873656,0.391811321,0.392598611,0.393283542,0.393931118,0.394590357,0.395278623,0.395991584,0.396729672,0.39748636,0.398257403,0.399045514,0.399857112,0.400694729,0.401560641,0.402454865,0.403369726,0.404298583,0.405242027,0.406201744,0.40717285,0.408158042,0.409138298,0.410061256,0.410859883,0.411486843,0.411924908,0.412186409,0.41229137,0.412273298,0.412159351,0.411960151,0.411676605,0.411316573,0.410887031,0.410398704,0.409853373,0.409269224,0.408693038,0.408184321,0.407785935,0.407516821,0.407366882,0.407312736,0.407316053,0.407345875,0.407396495,0.407468605,0.407544239,0.407603068,0.4076291
Singapore,0.051782826,0.051782826,0.051782826,0.051782826,0.051782826,0.051782826,0.057180411,0.057180411,0.057180411,0.057180411,0.057180411,0.057180411,0.057180411,0.057180411,0.057180411,0.057180411,0.064844005,0.064844005,0.064844005,0.064844005,0.064844005,0.064844005,0.064844005,0.064844005,0.064844005,0.064844005,0.064844005,0.070705356,0.070705356,0.070705356,0.070705356,0.070705356,0.070705356,0.070705356,0.070705356,0.070705356,0.070705356,0.07843722,0.079593369,0.080872305,0.08223983,0.083662649,0.085109085,0.08654878,0.087953116,0.08929579,0.090553677,0.091710074,0.09275781,0.093701516,0.094557832,0.095350381,0.096097243,0.09679983,0.097457912,0.098085013,0.098696814,0.099303805,0.099919245,0.100541647,0.101150146,0.10171569,0.102222704,0.102661029,0.103050416,0.103440605,0.103897389,0.10446445,0.105162415,0.105970887,0.106843061,0.107714695,0.108544575,0.109315459,0.110049013,0.110789421,0.111597013,0.112509102,0.113540158,0.114663772,0.11582784,0.116964379,0.118030433,0.119010149,0.119926149,0.120820918,0.12175263,0.122758881,0.123846352,0.124993788,0.126175779,0.127357633,0.128514367,0.129639455,0.130736526,0.131803784,0.132841619,0.133849363,0.134823535,0.135759523,0.136654359,0.137505105,0.138309074
Botswana,0.039106941,0.039106941,0.039106941,0.039106941,0.039106941,0.039106941,0.041596311,0.041596311,0.041596311,0.041596311,0.041596311,0.041596311,0.041596311,0.041596311,0.041596311,0.041596311,0.046780458,0.046780458,0.046780458,0.046780458,0.046780458,0.046780458,0.046780458,0.046780458,0.046780458,0.046780458,0.046780458,0.051076137,0.051076137,0.051076137,0.051076137,0.051076137,0.051076137,0.051076137,0.051076137,0.051076137,0.051076137,0.057966567,0.058557105,0.059098815,0.059601679,0.060075012,0.060527945,0.060969119,0.061407004,0.061849718,0.062304636,0.062778334,0.063275429,0.063798374,0.064347568,0.064921839,0.065520496,0.066145408,0.066798151,0.067477392,0.0681812,0.068908608,0.06965583,0.070423962,0.071221642,0.072059871,0.072943578,0.073873199,0.074839105,0.075823951,0.076806513,0.077772471,0.078716967,0.079642973,0.080554046,0.08145616,0.082352951,0.083241982,0.08411967,0.084986498,0.085843235,0.086689174,0.087524731,0.088346065,0.089143453,0.089904946,0.090622662,0.091298608,0.091936454,0.092533341,0.093086169,0.093595765,0.094059703,0.094487195,0.094904302,0.095344547,0.095831191,0.096370846,0.096956317,0.097579036,0.098225089,0.098883247,0.099552708,0.100232728,0.100912486,0.101579226,0.102224089
Congo - Dem. Rep.,0.163840747,0.163840747,0.163840747,0.163840747,0.163840747,0.163840747,0.16745823,0.16745823,0.16745823,0.16745823,0.16745823,0.16745823,0.16745823,0.16745823,0.16745823,0.16745823,0.171184975,0.171184975,0.171184975,0.171184975,0.171184975,0.171184975,0.171184975,0.171184975,0.171184975,0.171184975,0.171184975,0.174994659,0.174994659,0.174994659,0.174994659,0.174994659,0.174994659,0.174994659,0.174994659,0.174994659,0.174994659,0.179177697,0.18037157,0.181582962,0.182831874,0.184132061,0.185491357,0.186911801,0.188390268,0.189919527,0.19148977,0.193092162,0.19472234,0.196383075,0.19808494,0.199842097,0.20166171,0.203548032,0.205490738,0.207465639,0.209442068,0.211400658,0.213331157,0.21524322,0.217161032,0.219117258,0.221131642,0.223218412,0.225364066,0.227529257,0.229662668,0.231735326,0.233745107,0.235721536,0.237707316,0.239757801,0.241914877,0.244162133,0.246495753,0.248975875,0.251674143,0.254620228,0.257847907,0.261292349,0.264775182,0.268076637,0.271064491,0.273697784,0.276058446,0.278290536,0.280588744,0.28308604,0.285809875,0.288713365,0.291760172,0.294892837,0.298070249,0.301289937,0.3045623,0.307876049,0.311219785,0.314585114,0.317965656,0.321359827,0.324770217,0.328201744,0.331656884
Congo - Rep.,0.065745369,0.065745369,0.065745369,0.065745369,0.065745369,0.065745369,0.067344401,0.067344401,0.067344401,0.067344401,0.067344401,0.067344401,0.067344401,0.067344401,0.067344401,0.067344401,0.068993221,0.068993221,0.068993221,0.068993221,0.068993221,0.068993221,0.068993221,0.068993221,0.068993221,0.068993221,0.068993221,0.070682399,0.070682399,0.070682399,0.070682399,0.070682399,0.070682399,0.070682399,0.070682399,0.070682399,0.070682399,0.072518036,0.07300564,0.07351423,0.074041637,0.074586512,0.075148017,0.075726099,0.076321218,0.076934223,0.077566422,0.078218743,0.078891654,0.079584598,0.080296107,0.081024219,0.081767802,0.082524755,0.083295845,0.084085628,0.084900123,0.085742247,0.086613192,0.087508437,0.088418576,0.089331678,0.090239978,0.091140092,0.09203481,0.092929943,0.093833741,0.094751162,0.095683377,0.096626539,0.097574573,0.098519583,0.099456415,0.10038456,0.101306526,0.102224255,0.103140652,0.104058244,0.104975374,0.10589253,0.106816377,0.107755143,0.108713196,0.109698001,0.110705373,0.111715398,0.11270234,0.113652095,0.114554032,0.115422734,0.116298488,0.11723379,0.118261018,0.119392443,0.120606357,0.121860318,0.123098431,0.124284389,0.125408772,0.126487736,0.127542728,0.128604172,0.129692744
Sierra Leone,0.08875723,0.08875723,0.08875723,0.08875723,0.08875723,0.08875723,0.090827232,0.090827232,0.090827232,0.090827232,0.090827232,0.090827232,0.090827232,0.090827232,0.090827232,0.090827232,0.092875604,0.092875604,0.092875604,0.092875604,0.092875604,0.092875604,0.092875604,0.092875604,0.092875604,0.092875604,0.092875604,0.094970167,0.094970167,0.094970167,0.094970167,0.094970167,0.094970167,0.094970167,0.094970167,0.094970167,0.094970167,0.097182972,0.097495527,0.097833822,0.098191638,0.098564153,0.098947813,0.099340355,0.09974072,0.10014896,0.100565882,0.100992648,0.10143002,0.101877968,0.102335493,0.102801236,0.103275237,0.103757003,0.104249747,0.104761743,0.105303396,0.105881918,0.106499413,0.107153682,0.107842037,0.108560108,0.109304382,0.110074985,0.110871665,0.111690045,0.11252489,0.113372842,0.114211023,0.115037269,0.115889394,0.116817543,0.117842706,0.11899928,0.12024041,0.121416839,0.122340005,0.122894757,0.123047654,0.122873642,0.122504661,0.122133011,0.121913666,0.121863306,0.121973622,0.122342781,0.123077801,0.124229662,0.125835243,0.127811315,0.129948342,0.131992184,0.133781775,0.135276973,0.136537106,0.137631941,0.138665658,0.139711221,0.140775504,0.141833659,0.142887458,0.143934037,0.144971522
South Africa,0.139791682,0.139791682,0.139791682,0.139791682,0.139791682,0.139791682,0.15004929,0.15004929,0.15004929,0.15004929,0.15004929,0.15004929,0.15004929,0.15004929,0.15004929,0.15004929,0.161251655,0.161251655,0.161251655,0.161251655,0.161251655,0.161251655,0.161251655,0.161251655,0.161251655,0.161251655,0.161251655,0.173290361,0.173290361,0.173290361,0.173290361,0.173290361,0.173290361,0.173290361,0.173290361,0.173290361,0.173290361,0.18624595,0.187645209,0.189102254,0.190598762,0.192122275,0.193665835,0.195227814,0.196811289,0.198422929,0.200071516,0.201764243,0.203503142,0.205282355,0.207087464,0.20889996,0.210708318,0.212505335,0.214297387,0.216102399,0.21794433,0.21983742,0.221787971,0.223784589,0.225802905,0.227811105,0.229789023,0.231725751,0.233631589,0.235532582,0.237463907,0.239446555,0.241492493,0.243585535,0.245685915,0.247741578,0.249720842,0.2516008,0.253401607,0.255184406,0.257030837,0.258989213,0.261081331,0.263266631,0.265457187,0.267537886,0.269433657,0.271121447,0.272635873,0.274031493,0.27538643,0.276755753,0.278150678,0.279553416,0.280954109,0.282334799,0.283682368,0.284996044,0.286280286,0.287533039,0.288752305,0.289935783,0.291083895,0.292194127,0.29325817,0.294265682,0.295210202
